OrderID,CustomerID,Product,Quantity,Sales
O1001,C114,Monitor,3,20094
O1002,C114,Mouse,2,55912
O1003,C103,Keyboard,5,71069
O1004,C108,Mouse,1,49398
O1005,C103,Keyboard,4,75231
O1006,C114,Monitor,1,42761
O1007,C102,Laptop,2,17448
O1008,C104,Laptop,3,68566
O1009,C108,Monitor,2,8076
O1010,C102,Mouse,2,60853
O1011,C113,Mobile,4,74304
O1012,C102,Keyboard,4,52429
O1013,C108,Mobile,4,53175
O1014,C102,Mouse,1,53294
O1015,C105,Mouse,2,52658
O1016,C110,Laptop,4,14570
O1017,C114,Laptop,4,64114
O1018,C105,Monitor,5,53486
O1019,C104,Monitor,3,9158
O1020,C110,Keyboard,2,25983
O1021,C106,Keyboard,4,9827
O1022,C104,Keyboard,5,28363
O1023,C107,Monitor,3,58753
O1024,C112,Mouse,4,22273
O1025,C104,Monitor,3,15408
O1026,C103,Mouse,4,45571
O1027,C102,Laptop,2,79738
O1028,C107,Laptop,2,7891
O1029,C999,Keyboard,1,14419
O1030,C114,Mouse,2,1030
O1031,C111,Laptop,2,75289
O1032,C115,Laptop,2,20826
O1033,C115,Keyboard,2,71335
O1034,C112,Monitor,1,14299
O1035,C110,Mouse,4,48659
O1036,C108,Keyboard,5,4342
O1037,C106,Mouse,2,10216
O1038,C108,Keyboard,3,28256
O1039,C103,Laptop,3,50313
O1040,C110,Mouse,1,20470
